type_id,info
2,ademaria0@fc2.com
2,smcgregor1@psu.edu
2,ctoffalo2@ox.ac.uk
2,dlowrie3@umn.edu
2,ebruster4@pen.io
2,dfernely5@twitpic.com
2,flathleiff6@intel.com
2,klux7@sourceforge.net
2,tlippett8@nih.gov
2,ljimenez9@hexun.com
2,bshermana@constantcontact.com
2,eruleb@geocities.com
2,alathburyc@topsy.com
2,btrigwelld@about.me
2,dloobye@amazon.de
2,rcolecroughf@vk.com
2,nproshg@xing.com
2,jwilsonh@weibo.com
2,gmatysiki@sitemeter.com
2,rfearbyj@whitehouse.gov
2,dberisfordk@marketwatch.com
2,gautyl@globo.com
2,rsaveallm@ftc.gov
2,zkindelln@i2i.jp
2,hshoveltono@uiuc.edu
2,araddonp@senate.gov
2,bperisq@webmd.com
2,ffoucarr@cbsnews.com
2,mshenfischs@wikipedia.org
2,tjorgt@moonfruit.com
2,aariasu@ifeng.com
2,etarbettv@netscape.com
2,aheugelw@weather.com
2,bjarrattx@abc.net.au
2,rtoyy@dagondesign.com
2,celloitz@usa.gov
2,ccridlon10@reference.com
2,hschwier11@mac.com
2,ftearle12@oaic.gov.au
2,nkillich13@phpbb.com
2,rlivzey14@wikipedia.org
2,tlicciardi15@instagram.com
2,pherkess16@woothemes.com
2,nturbard17@barnesandnoble.com
2,cdeeble18@earthlink.net
2,mrothwell19@washingtonpost.com
2,rmaharry1a@yale.edu
2,cmacpadene1b@eventbrite.com
2,bmccafferty1c@pbs.org
2,lfidilis1d@economist.com
2,hramshay1e@miitbeian.gov.cn
2,apinshon1f@usa.gov
2,lharrold1g@cisco.com
2,hgoldhawk1h@ebay.com
2,bdeering1i@nps.gov
2,rexell1j@meetup.com
2,wnutbean1k@nbcnews.com
2,swakelin1l@techcrunch.com
2,jvillaron1m@blogger.com
2,vrook1n@w3.org
2,gatherton1o@examiner.com
2,opablo1p@clickbank.net
2,gthyng1q@hatena.ne.jp
2,fiannuzzi1r@clickbank.net
2,bmilbourne1s@craigslist.org
2,ablumfield1t@rakuten.co.jp
2,evint1u@ebay.com
2,iseak1v@bloomberg.com
2,cshildrick1w@cpanel.net
2,adiamant1x@pbs.org
2,ggriffoen1y@goo.gl
2,hpesselt1z@ow.ly
2,tprazor20@twitpic.com
2,gverrillo21@yahoo.co.jp
2,lgue22@prweb.com
2,lbibey23@wired.com
2,lbottomore24@diigo.com
2,gmcgourty25@columbia.edu
2,mvispo26@blog.com
2,zcabotto27@pen.io
2,ddrakes28@qq.com
2,mdecruz29@example.com
2,scleyburn2a@newsvine.com
2,fklulik2b@theglobeandmail.com
2,ggaltone2c@blogs.com
2,rberrisford2d@about.me
2,ckenningham2e@vk.com
2,ehassan2f@merriam-webster.com
2,awiggins2g@mtv.com
2,rbeyn2h@vistaprint.com
2,htitley2i@macromedia.com
2,ajozwiak2j@buzzfeed.com
2,mbrasted2k@infoseek.co.jp
2,gtimblett2l@nature.com
2,njozsika2m@tamu.edu
2,fcaris2n@narod.ru
2,wkiezler2o@cloudflare.com
2,bpecha2p@desdev.cn
2,rglennard2q@google.com.hk
2,smardlin2r@usda.gov
2,jputley2s@sakura.ne.jp
2,evolette2t@free.fr
2,crenneke2u@xinhuanet.com
2,dhatherall2v@gnu.org
2,nhamby2w@samsung.com
2,egodber2x@a8.net
2,tobrallaghan2y@ft.com
2,mbastard2z@mac.com
2,ccullrford30@t.co
2,kstoneman31@hugedomains.com
2,aorrill32@tinypic.com
2,vgummoe33@ftc.gov
2,cspurge34@tamu.edu
2,srameau35@squidoo.com
2,adanbrook36@istockphoto.com
2,cbackshall37@flickr.com
2,mquinney38@topsy.com
2,emacascaidh39@pagesperso-orange.fr
2,dswetenham3a@buzzfeed.com
2,smaypother3b@google.com
2,nresun3c@ovh.net
2,jcram3d@rambler.ru
2,jhurtado3e@comcast.net
2,ewooder3f@thetimes.co.uk
2,fhulance3g@ibm.com
2,kpuller3h@liveinternet.ru
2,kgluyas3i@independent.co.uk
2,struse3j@dailymail.co.uk
2,rgosswell3k@ibm.com
2,spughsley3l@google.es
2,ojiruch3m@nhs.uk
2,jschulter3n@prweb.com
2,dbrumhead3o@theguardian.com
2,jupwood3p@mail.ru
2,schamberlayne3q@washington.edu
2,gscaddon3r@go.com
2,pdrinkhall3s@nbcnews.com
2,wpolley3t@goo.gl
2,lturbard3u@woothemes.com
2,shryniewicki3v@liveinternet.ru
2,dhackney3w@jugem.jp
2,rstiven3x@qq.com
2,dcanadine3y@canalblog.com
2,erubica3z@merriam-webster.com
2,sceresa40@blogger.com
2,dlazar41@pbs.org
2,fcullen42@marriott.com
2,mnizet43@hatena.ne.jp
2,ftutt44@tinyurl.com
2,cmunkton45@miibeian.gov.cn
2,ppolendine46@house.gov
2,vbalogun47@dropbox.com
2,arefford48@4shared.com
2,mkobu49@digg.com
2,dgaskell4a@sphinn.com
2,lwillets4b@cisco.com
2,imunden4c@kickstarter.com
2,alarcier4d@cbsnews.com
2,lbrumby4e@eepurl.com
2,tdemead4f@deliciousdays.com
2,ocraddy4g@list-manage.com
2,sasch4h@amazon.co.jp
2,dkellet4i@liveinternet.ru
2,rrevan4j@oaic.gov.au
2,ebodle4k@fema.gov
2,skinvan4l@taobao.com
2,fhexham4m@ow.ly
2,oprayer4n@ustream.tv
2,qkausche4o@nasa.gov
2,dolder4p@walmart.com
2,bmerchant4q@yellowpages.com
2,dumney4r@zimbio.com
2,aauchterlony4s@skyrock.com
2,dgalvan4t@mediafire.com
2,kkuhlmey4u@mozilla.org
2,mgreep4v@si.edu
2,atownsend4w@eventbrite.com
2,srowlinson4x@merriam-webster.com
2,gscallan4y@amazon.de
2,alancaster4z@washingtonpost.com
2,jplaunch50@bloglovin.com
2,cschiell51@earthlink.net
2,ggoosnell52@artisteer.com
2,babramof53@skyrock.com
2,nduckett54@ucoz.com
2,achapier55@myspace.com
2,vyurikov56@creativecommons.org
2,bbendon57@samsung.com
2,hcrinage58@imgur.com
2,amclae59@gravatar.com
2,lhaydn5a@netlog.com
2,ebiasio5b@mlb.com
2,jcaulliere5c@google.com.br
2,mdougary5d@about.com
2,bleftley5e@latimes.com
2,laggiss5f@who.int
2,cferrotti5g@opensource.org
2,ldael5h@businesswire.com
2,shayesman5i@youku.com
2,rsam5j@php.net
2,nscotney5k@google.it
2,icruxton5l@uiuc.edu
2,jizac5m@nature.com
2,mdowning5n@toplist.cz
2,vcawsey5o@51.la
2,bmcilhatton5p@hatena.ne.jp
2,kbulter5q@huffingtonpost.com
2,fjarvis5r@slashdot.org
2,ggater5s@biglobe.ne.jp
2,bvesco5t@cbc.ca
2,oruddock5u@webs.com
2,tlavigne5v@washington.edu
2,frowntree5w@tiny.cc
2,cguiden5x@sitemeter.com
2,agridley5y@nbcnews.com
2,rgrayham5z@forbes.com
2,aottiwill60@mapy.cz
2,jhutchason61@miibeian.gov.cn
2,fpepi62@liveinternet.ru
2,rgrinyer63@gmpg.org
2,btebbitt64@tripadvisor.com
2,mkindall65@meetup.com
2,cbuglass66@netscape.com
2,ageratasch67@archive.org
2,ispickett68@reference.com
2,rmomford69@zdnet.com
2,abusen6a@imdb.com
2,ahawkshaw6b@php.net
2,dpauls6c@oracle.com
2,khaddinton6d@miitbeian.gov.cn
2,teveleigh6e@scribd.com
2,ewillshee6f@edublogs.org
2,lwallas6g@adobe.com
2,dstrelitzki6h@theguardian.com
2,bclamp6i@who.int
2,mvedeneev6j@uol.com.br
2,bbrodnecke6k@craigslist.org
2,ipass6l@ucoz.ru
2,tmulrenan6m@nps.gov
2,jcorriea6n@miibeian.gov.cn
2,ahynson6o@qq.com
2,ereedy6p@miitbeian.gov.cn
2,awillatts6q@ebay.co.uk
2,tcarnachen6r@about.com
2,nabdy6s@eepurl.com
2,rrigby6t@dedecms.com
2,pbodega6u@cnn.com
2,sgratton6v@naver.com
2,bspracklin6w@zdnet.com
2,tyakubovich6x@artisteer.com
2,oseers6y@imageshack.us
2,mewers6z@aboutads.info
2,mnicely70@cornell.edu
2,wfundell71@seesaa.net
2,dpotbury72@examiner.com
2,dscougall73@wix.com
2,mdixey74@reverbnation.com
2,mrabbet75@zdnet.com
2,nciottoi76@illinois.edu
2,ayoxall77@utexas.edu
2,dsiddall78@xrea.com
2,nheugle79@usgs.gov
2,xheino7a@cafepress.com
2,cdusting7b@usatoday.com
2,pwickerson7c@digg.com
2,einchboard7d@jimdo.com
2,pdevo7e@wix.com
2,lwyllt7f@com.com
2,wlippingwell7g@moonfruit.com
2,nrenshall7h@irs.gov
2,pseamon7i@canalblog.com
2,astubbington7j@plala.or.jp
2,dkrier7k@amazonaws.com
2,bsleit7l@vk.com
2,kstovin7m@free.fr
2,kselman7n@twitpic.com
2,sateridge7o@utexas.edu
2,hsparshatt7p@google.cn
2,randrock7q@webmd.com
2,gaffuso7r@hud.gov
2,wleveret7s@vk.com
2,cmalham7t@indiegogo.com
2,ewenman7u@soundcloud.com
2,tpritchitt7v@umich.edu
2,bfergusson7w@yahoo.co.jp
2,cdrewson7x@hp.com
2,cskuce7y@archive.org
2,jdefries7z@noaa.gov
2,csole80@forbes.com
2,fvanacci81@wp.com
2,trouff82@sourceforge.net
2,lbryett83@github.io
2,vingleby84@statcounter.com
2,lginley85@jugem.jp
2,loneill86@addtoany.com
2,hculross87@cdbaby.com
2,ccollins88@jigsy.com
2,sgarroway89@forbes.com
2,noris8a@vk.com
2,kwarnes8b@imdb.com
2,mknill8c@omniture.com
2,gsabati8d@home.pl
2,nfowler8e@hostgator.com
2,cspeedin8f@mayoclinic.com
2,nfurmagier8g@shutterfly.com
2,tausiello8h@t.co
2,vmaharry8i@tuttocitta.it
2,mrabbitt8j@lulu.com
2,gshanklin8k@sakura.ne.jp
2,pevensden8l@blogtalkradio.com
2,fwoollard8m@indiegogo.com
2,flivezey8n@psu.edu
2,cflorio8o@baidu.com
2,krayhill8p@twitpic.com
2,lharber8q@oaic.gov.au
2,iknightsbridge8r@cmu.edu
2,fdring8s@walmart.com
2,tduffyn8t@timesonline.co.uk
2,zlandall8u@fastcompany.com
2,cfettiplace8v@canalblog.com
2,vdeville8w@ask.com
2,ebrinicombe8x@baidu.com
2,sreadshaw8y@house.gov
2,bbevis8z@harvard.edu
2,mliddiatt90@stumbleupon.com
2,wemnoney91@oaic.gov.au
2,gmullender92@google.ca
2,ojarred93@slate.com
2,rmcauslan94@discovery.com
2,slindner95@e-recht24.de
2,rhynde96@yahoo.co.jp
2,cdale97@scribd.com
2,lmosconi98@about.me
2,mcharlwood99@gnu.org
2,bmccorley9a@yolasite.com
2,bbelfelt9b@cnbc.com
2,apaula9c@topsy.com
2,twolfinger9d@yahoo.co.jp
2,lkremer9e@jigsy.com
2,gmurr9f@hostgator.com
2,gziemen9g@prnewswire.com
2,rpieper9h@sina.com.cn
2,ogravell9i@marketwatch.com
2,deynaud9j@gmpg.org
2,gjowitt9k@altervista.org
2,podonohue9l@mac.com
2,lrogan9m@drupal.org
2,bbastian9n@usda.gov
2,bmonkton9o@gov.uk
2,hirlam9p@squarespace.com
2,callsworth9q@linkedin.com
2,kalelsandrovich9r@nytimes.com
2,jspyby9s@mozilla.org
2,faishford9t@gizmodo.com
2,jlote9u@ftc.gov
2,bbiasio9v@independent.co.uk
2,dgirk9w@woothemes.com
2,ssleford9x@delicious.com
2,fbulleyn9y@jugem.jp
2,fphette9z@hostgator.com
2,rwoodnutta0@joomla.org
2,nrollina1@utexas.edu
2,lgasparroa2@wiley.com
2,bscarrisbricka3@gizmodo.com
2,kcropa4@netscape.com
2,bdalmona5@netlog.com
2,coliviaa6@home.pl
2,djerama7@feedburner.com
2,sjahnckea8@aol.com
2,smolyneauxa9@parallels.com
2,kbeddallaa@imdb.com
2,jabramcikab@mayoclinic.com
2,criccardelliac@washington.edu
2,dblaymiresad@reuters.com
2,jshinnae@bloglovin.com
2,wgronavaf@pen.io
2,lohannayag@yellowbook.com
2,bcorckah@linkedin.com
2,lshoorbrookeai@blogger.com
2,cransomeaj@nbcnews.com
2,lgwynnak@storify.com
2,rjosipovical@addthis.com
2,jburnyateam@youtu.be
2,smerryweatheran@baidu.com
2,aanslowao@reuters.com
2,mvoseap@vinaora.com
2,cwinterbottomaq@tamu.edu
2,kdundonar@squarespace.com
2,wmunginas@skyrock.com
2,cgittingsat@msn.com
2,bcadleau@army.mil
2,ppyzerav@live.com
2,imorrallaw@marriott.com
2,rcattiniax@gnu.org
2,oburmasteray@blinklist.com
2,gpautotaz@scientificamerican.com
2,agrinhamb0@cnn.com
2,koboyb1@spiegel.de
2,ereinischb2@skype.com
2,smatthewsonb3@pinterest.com
1,+63 165 830 2604
1,+34 902 265 2496
1,+86 566 733 3002
1,+81 832 142 1627
1,+86 232 662 4102
1,+86 320 170 9782
1,+7 297 822 3969
1,+260 692 963 0053
1,+351 608 252 2233
1,+86 759 450 1777
1,+55 184 221 1427
1,+66 204 209 8497
1,+86 798 620 4710
1,+55 958 738 2184
1,+63 362 895 1263
1,+45 108 385 3668
1,+7 585 424 3105
1,+216 255 807 3869
1,+351 172 125 9076
1,+86 812 278 1577
1,+229 768 865 9504
1,+62 498 610 6059
1,+57 866 872 5515
1,+31 333 968 2147
1,+46 929 590 1687
1,+86 568 366 1599
1,+62 993 347 0546
1,+7 977 966 0538
1,+62 243 927 7877
1,+86 410 835 7561
1,+62 127 586 5782
1,+62 877 836 4324
1,+381 579 776 6925
1,+242 140 934 3903
1,+62 564 355 1292
1,+46 684 854 6542
1,+54 529 789 3177
1,+86 375 947 1995
1,+86 280 424 8132
1,+54 732 548 9879
1,+63 291 503 8686
1,+358 274 220 6278
1,+420 408 764 3182
1,+62 296 221 5203
1,+33 947 293 2787
1,+62 637 915 5957
1,+86 618 978 5327
1,+963 295 519 0620
1,+353 564 712 8902
1,+63 424 146 2441
1,+62 329 436 7254
1,+254 649 838 8715
1,+48 931 859 8034
1,+63 326 476 6859
1,+86 890 530 1150
1,+66 531 100 7662
1,+33 704 285 9831
1,+86 773 865 2093
1,+33 661 465 5621
1,+962 669 331 4903
1,+7 789 634 2566
1,+55 668 325 7606
1,+420 726 204 4985
1,+52 985 111 6029
1,+86 753 134 8661
1,+52 568 318 8199
1,+63 144 320 2451
1,+1 412 110 6721
1,+33 216 969 4069
1,+86 245 855 8444
1,+81 737 289 0127
1,+30 866 637 0276
1,+48 164 707 0200
1,+7 384 140 0333
1,+228 408 848 1472
1,+1 844 433 1347
1,+53 522 484 6014
1,+507 233 955 1315
1,+55 755 892 5784
1,+51 841 252 2256
1,+1 447 625 0799
1,+7 239 536 5419
1,+92 843 951 8377
1,+212 563 432 0336
1,+593 836 306 8422
1,+31 719 568 5351
1,+48 904 976 3869
1,+54 568 337 8821
1,+54 234 544 1650
1,+967 264 364 6846
1,+62 622 367 1644
1,+54 824 548 3698
1,+33 911 124 8332
1,+86 685 446 8078
1,+420 159 665 4818
1,+256 970 966 0404
1,+502 446 736 8940
1,+355 366 191 3199
1,+86 481 604 8602
1,+351 795 980 2201
1,+502 937 188 9883
1,+62 479 386 0511
1,+93 494 502 7438
1,+47 827 632 4839
1,+62 333 751 5457
1,+380 970 714 4882
1,+7 332 203 8901
1,+48 447 707 7450
1,+504 100 786 0745
1,+33 423 494 0208
1,+251 736 168 1425
1,+7 248 933 6242
1,+506 770 801 5335
1,+62 774 346 4301
1,+48 547 847 0920
1,+63 738 596 0580
1,+54 145 816 1760
1,+62 150 859 9943
1,+63 499 522 4381
1,+86 955 413 6405
1,+380 415 969 8969
1,+92 750 255 0688
1,+234 429 613 0909
1,+63 452 244 1114
1,+387 248 399 4665
1,+92 150 395 1500
1,+351 399 817 0901
1,+420 154 548 7488
1,+62 608 284 3601
1,+86 640 883 4228
1,+62 905 107 1695
1,+1 694 216 0288
1,+44 480 118 2214
1,+86 811 400 5775
1,+86 206 653 1666
1,+351 150 395 2710
1,+387 287 799 6980
1,+33 768 118 2859
1,+380 612 466 0779
1,+63 574 650 8166
1,+7 170 241 4546
1,+86 361 142 1437
1,+55 951 359 2401
1,+351 718 264 6018
1,+86 245 963 5430
1,+30 109 704 7186
1,+7 424 738 0809
1,+593 370 154 0487
1,+86 914 256 4959
1,+63 237 803 5862
1,+234 513 791 7351
1,+47 763 287 8294
1,+234 991 884 6669
1,+86 841 872 2896
1,+81 393 502 0791
1,+62 255 617 6292
1,+7 258 740 5708
1,+385 734 380 1532
1,+351 376 490 6661
1,+420 369 964 9186
1,+62 937 124 2870
1,+53 311 179 7398
1,+48 651 974 0779
1,+7 939 698 2808
1,+420 215 373 1946
1,+216 283 336 2522
1,+967 843 566 3058
1,+39 840 413 5623
1,+63 503 969 0398
1,+86 619 200 5549
1,+62 233 252 6895
1,+86 733 434 4807
1,+63 402 698 9273
1,+55 710 205 0379
1,+359 187 649 6897
1,+27 994 964 2558
1,+81 140 502 7549
1,+33 306 554 0081
1,+57 133 620 5811
1,+86 926 363 9947
1,+66 408 379 9907
1,+850 584 902 8087
1,+62 140 341 2421
1,+86 150 930 6285
1,+254 272 568 6077
1,+7 745 961 1193
1,+84 295 492 2974
1,+86 806 229 9131
1,+992 549 575 4155
1,+62 369 193 0278
1,+55 866 971 4222
1,+505 893 217 6679
1,+385 181 519 4780
1,+46 447 536 3811
1,+389 715 215 6780
1,+98 870 902 4318
1,+380 350 384 5303
1,+47 795 778 5152
1,+66 977 262 8126
1,+351 473 749 0465
1,+55 545 742 9788
1,+86 646 951 8061
1,+81 729 967 3984
1,+86 386 379 7819
1,+30 960 289 0237
1,+62 189 231 0030
1,+55 688 556 6779
1,+86 908 981 0568
1,+54 852 800 5912
1,+221 379 759 7096
1,+254 262 514 4226
1,+86 801 340 6581
1,+48 440 251 4547
1,+7 890 355 6914
1,+30 418 987 5548
1,+33 581 884 9634
1,+66 960 894 6120
1,+242 989 755 2791
1,+48 204 657 9498
1,+86 437 866 9135
1,+62 674 690 4628
1,+66 796 161 8669
1,+7 835 252 2597
1,+7 276 468 2438
1,+7 930 515 6936
1,+86 674 570 3052
1,+82 348 713 6119
1,+63 683 424 3000
1,+62 272 408 7789
1,+62 187 337 3816
1,+1 412 119 8622
1,+52 246 787 1725
1,+84 132 345 9112
1,+507 968 878 7061
1,+380 995 688 2912
1,+86 652 480 7036
1,+63 386 880 5354
1,+46 130 923 2220
1,+86 359 948 5046
1,+63 868 869 1030
1,+63 786 431 3594
1,+358 275 165 2382
1,+48 552 692 5074
1,+31 971 505 4832
1,+86 519 887 0528
1,+86 177 648 8917
1,+86 329 430 7674
1,+27 320 186 9314
1,+234 790 406 5112
1,+27 823 590 6712
1,+82 437 795 3314
1,+55 750 915 2147
1,+48 838 186 1230
1,+856 742 393 6586
1,+46 908 560 7963
1,+93 965 190 4862
1,+62 270 820 0139
1,+7 653 915 1421
1,+7 676 853 2242
1,+51 172 608 0083
1,+51 821 518 9859
1,+86 522 811 5852
1,+86 730 428 0439
1,+60 635 935 7248
1,+46 427 288 2561
1,+62 360 135 3376
1,+7 651 747 3936
1,+234 701 908 2189
1,+51 876 865 4732
1,+963 193 666 5741
1,+86 266 822 9932
1,+269 160 366 7466
1,+27 669 787 9068
1,+7 196 963 7128
1,+1 835 372 9399
1,+353 748 783 7451
1,+86 813 664 1657
1,+218 638 783 7057
1,+98 206 516 9988
1,+62 751 455 6998
1,+81 918 256 8110
1,+7 789 143 2715
1,+1 757 438 6429
1,+62 934 429 4677
1,+93 968 152 9130
1,+63 244 957 8423
1,+98 833 890 2930
1,+234 470 690 6545
1,+62 173 777 7605
1,+1 704 827 9410
1,+1 541 443 2141
1,+972 141 224 7924
1,+7 874 785 7831
1,+7 129 673 5973
1,+351 311 541 8985
1,+1 889 331 0238
1,+86 229 339 2085
1,+52 449 571 6659
1,+46 914 659 0099
1,+358 707 471 1927
1,+33 436 951 7744
1,+51 880 755 7078
1,+66 226 179 1994
1,+1 515 662 3016
1,+1 212 170 8601
1,+502 436 897 9363
1,+86 239 692 6039
1,+387 821 798 7444
1,+1 771 780 2190
1,+855 256 346 1316
1,+7 765 746 0865
1,+7 838 820 2603
1,+62 394 773 4400
1,+48 344 352 7991
1,+7 376 385 6786
1,+63 468 794 9989
1,+7 237 121 4344
1,+81 948 679 2566
1,+389 824 324 4496
1,+51 474 207 5086
1,+51 267 195 6999
1,+62 991 203 5565
1,+86 450 131 1475
1,+233 954 246 2358
1,+63 258 735 6331
1,+86 398 628 1924
1,+86 536 509 8535
1,+46 203 838 4466
1,+387 922 824 5062
1,+63 250 320 8602
1,+7 393 375 5611
1,+55 260 191 4772
1,+86 680 629 1189
1,+48 380 397 1083
1,+86 480 953 2635
1,+86 973 984 0313
1,+48 812 817 4056
1,+48 168 905 8436
1,+98 350 828 9317
1,+230 215 406 9379
1,+48 766 300 5762
1,+92 796 765 4232
1,+81 524 620 8499
1,+63 781 697 6368
1,+54 539 987 9331
1,+351 791 859 7858
1,+7 850 404 3321
1,+380 351 343 8095
1,+86 667 487 9489
1,+63 533 536 4417
1,+381 416 908 0031
1,+86 981 815 9359
1,+7 526 338 7140
1,+53 261 614 6532
1,+63 544 941 2541
1,+48 735 570 3576
1,+33 945 282 3891
1,+86 447 511 1796
1,+62 870 805 3431
1,+62 413 882 7600
1,+351 836 256 4664
1,+31 526 399 8703
1,+86 687 525 9608
1,+46 590 123 8296
1,+86 386 711 4702
1,+62 899 777 9667
1,+380 716 548 7972
1,+33 906 656 6979
1,+86 489 969 0538
1,+86 255 153 3578
1,+351 723 726 9571
1,+62 504 780 9194
1,+62 724 251 6381
1,+62 505 156 6084
1,+62 822 891 7411
1,+86 259 622 6518
1,+216 172 705 7277
1,+62 952 745 8194
1,+30 380 915 1652
1,+229 997 569 9791
1,+351 982 524 4869
1,+254 923 617 9298
1,+93 548 897 3448
1,+593 650 999 6808
1,+351 748 919 9912
1,+62 822 678 7788
1,+63 873 766 9917
1,+93 649 206 1921
1,+965 960 965 3887
1,+62 289 859 5566
1,+55 580 947 7095
1,+7 777 190 7112
1,+86 945 743 6078
1,+62 186 167 8916
1,+86 379 276 5457
1,+375 688 827 6349
1,+63 787 952 4719
1,+63 775 719 2412
1,+54 904 758 2633
1,+358 867 256 7999
