Faythe,Hacking,1961-02-12,Female
Hiram,Black,1977-06-02,Male
Carroll,Cluer,1975-08-04,Female
Rodger,Dyke,1997-12-02,Male
Katleen,Wakeley,1989-03-04,Female
Aluin,Haslock(e),1984-11-16,Male
Kessiah,Bladder,1982-04-22,Female
Mimi,Hannaford,1965-11-25,Female
Burke,Scadding,1984-04-20,Male
Montague,Lundie,1995-03-08,Male
Lazaro,Heggison,1962-05-14,Male
Fran,Branwhite,1965-11-02,Male
Wendell,Welham,1991-07-10,Male
Christy,Tewkesberrie,1983-11-30,Male
Hamid,Garvin,1998-01-03,Male
Zane,de Banke,1977-07-08,Male
Darcee,Berrington,1988-11-01,Female
Grady,Agerskow,1988-05-08,Male
Niel,Andrzejewski,1956-11-23,Male
Willdon,Hirtzmann,1972-02-27,Male
Maureene,Skiplorne,1977-01-31,Female
Farrel,Bembrigg,1989-09-20,Male
Orran,Piotrkowski,1996-06-12,Male
Waylan,Westmoreland,1954-06-15,Male
Kristyn,Perillo,1961-04-06,Female
Henriette,Dahmel,1981-08-15,Female
Ellis,Sowten,1967-03-18,Male
Claudian,Wilby,1978-12-30,Male
Nolly,McCurrie,1979-12-04,Male
Stan,Garrold,1950-12-03,Male
Geno,Norcop,1982-07-15,Male
Bar,Matysiak,1963-04-21,Male
Vito,Cupitt,1986-04-15,Male
Chrotoem,Stelfax,1975-01-15,Male
Catarina,Humberston,1991-11-10,Female
Barbette,Louedey,1981-10-28,Female
Brig,Roelvink,1964-10-21,Male
Morgan,Blaiklock,1982-03-30,Male
Haze,Bourner,1954-09-13,Male
Trina,Pead,1978-11-03,Female
Dov,Birwhistle,1995-04-06,Male
Vanna,Haugen,1959-09-16,Female
Tandie,Laidlaw,1990-10-27,Female
Doug,Boutell,1958-11-30,Male
Adler,Gartan,1995-05-25,Male
Robyn,McCrann,1985-09-20,Female
Barnett,Kenvin,1962-04-08,Male
Zebulon,Toma,1981-08-15,Male
Olly,Tayloe,1952-12-15,Male
Bar,Skune,1980-09-03,Male
Illa,Stein,1982-07-07,Female
Gradey,Thorneywork,1971-06-12,Male
Benny,Grinaugh,1991-05-27,Female
Dulci,Tremmel,1995-07-24,Female
Ransell,Gilvary,1963-04-01,Male
Clarke,Sisnett,1995-03-03,Male
Ilysa,Hartil,1954-06-13,Female
Riva,Wiggall,1983-12-05,Female
Courtney,Jakeman,1991-11-27,Female
Akim,Attwoull,1976-01-08,Male
Zaccaria,Leavry,1985-12-21,Male
Ad,Vasichev,1965-09-07,Male
Kermy,Issit,1986-04-04,Male
Lek,Wymer,1965-11-30,Male
Borden,Fergyson,1955-07-07,Male
Tony,Whordley,1994-05-07,Male
Jewell,Rowly,1989-12-16,Female
Baryram,Bernadot,1950-10-22,Male
Prentiss,Bellison,1974-10-25,Male
Cass,Carn,1964-12-09,Male
Marten,Bonellie,1958-05-12,Male
Dalila,Spurier,1978-03-22,Female
Cecilla,Howes,1951-11-16,Female
Rois,Yeskin,1961-07-18,Female
Carolina,Lewsam,1968-02-25,Female
Maire,Hogbin,1989-12-24,Female
Janis,Maes,1974-11-03,Female
Derward,Gallally,1968-03-10,Male
Bernie,Phillippo,1975-01-16,Female
Modestine,Shadbolt,1988-08-14,Female
Mandy,Roly,1962-07-28,Female
Kendall,Bofield,1978-03-16,Male
Aryn,Metzke,1983-06-03,Female
Iona,Niemiec,1995-04-21,Female
Dru,Wigsell,1961-01-03,Female
Jan,Rosewell,1991-06-24,Male
Horten,Sangster,1988-11-03,Male
Kriste,Marquis,1999-09-04,Female
Alia,Parnaby,1977-01-27,Female
Nickolaus,Raftery,1975-08-11,Male
Alethea,Crampsey,1951-07-02,Female
Lily,Moston,1993-07-07,Female
Nahum,Dyott,1951-09-22,Male
Lucian,Sloan,1982-08-12,Male
Brena,Noirel,1978-08-02,Female
Agustin,Tyrwhitt,1953-08-19,Male
Linnet,Gain,1963-12-09,Female
Annemarie,Wyant,1999-01-01,Female
Marge,McCanny,1989-03-16,Female
Kingsly,Aucoate,1990-10-10,Male
Lucine,Cotillard,1967-07-11,Female
Sinclair,Benit,1954-03-18,Male
Karine,Hanbridge,1999-02-12,Female
Montgomery,Cantos,1966-07-13,Male
Radcliffe,Hotchkin,1986-07-19,Male
Willdon,Pantecost,2000-10-11,Male
Perry,Kubecka,1992-04-17,Male
Benito,O'Finan,1978-11-12,Male
Rouvin,Count,1996-02-17,Male
Jon,Ruxton,1955-06-25,Male
Phyllys,Demead,1980-07-09,Female
Neall,Dunthorn,1950-02-09,Male
Wyn,Tredget,1989-02-23,Male
Suzi,Leathlay,1968-02-27,Female
Audi,D'orsay,1964-07-14,Female
Emilio,Catmull,1974-07-11,Male
Orelia,Minett,1954-02-23,Female
Philippine,Baptie,1971-10-25,Female
Emilio,Weedall,1954-02-10,Male
Damian,Gillmore,1977-03-23,Male
Andriette,Riccioppo,1969-03-10,Female
Urbanus,Oggers,1996-09-14,Male
Kimble,Ingles,1980-09-26,Male
Peri,Simco,1970-06-10,Female
Robina,Faulks,1995-11-14,Female
Gaspar,Knapton,1983-12-01,Male
Art,Canceller,1984-06-16,Male
Mylo,Yitzovitz,2000-08-13,Male
Dehlia,Rankin,1992-02-01,Female
Barty,Zaple,1973-10-21,Male
Chet,Sharvill,1970-07-18,Male
Jeffy,Durston,1974-02-08,Male
Horace,Eddow,1998-08-11,Male
Estella,Swinglehurst,1980-03-28,Female
Jacquetta,Avrahamof,1989-12-24,Female
Orel,Hartfield,1976-04-04,Female
Preston,McClenaghan,1965-04-12,Male
Kai,Havock,1991-06-25,Female
Kiley,Cowitz,1959-11-29,Male
Maureene,Pedlar,1971-04-09,Female
Genvieve,Chomley,1997-11-15,Female
Borg,Pattingson,1981-02-19,Male
Antony,Lingley,1959-01-22,Male
Lionello,Till,1986-10-23,Male
Melvyn,Petrenko,1960-12-01,Male
Alard,Memory,1966-03-08,Male
Jemmy,Hardisty,1981-12-12,Female
Coraline,Winterborne,1967-10-12,Female
Valli,Balls,1956-02-21,Female
Hartley,Athersmith,1955-02-07,Male
Marion,Ledamun,1990-06-29,Female
Hadley,Hamsley,1950-02-26,Male
Theodosia,Bilbrooke,1996-12-11,Female
Timothy,Showte,1984-06-05,Male
Redford,Ralestone,1995-09-11,Male
Homerus,Mainwaring,1958-01-26,Male
Isabelita,Mattek,1971-08-31,Female
Robinetta,Duran,1996-07-17,Female
Franklyn,Richardes,1989-03-17,Male
Orelia,Kezourec,1957-12-26,Female
Eddy,Polleye,1984-08-29,Female
Ana,Buie,1998-03-07,Female
Paxton,Scattergood,1963-01-14,Male
Balduin,Chessor,1997-07-01,Male
Giffer,Coda,1998-08-19,Male
Verge,Justice,1950-04-09,Male
Regan,McGlashan,1952-07-12,Male
Constantine,Middell,1963-05-29,Male
Sephira,Limrick,1969-10-01,Female
Therine,Barnby,1997-08-05,Female
Crystal,Elcock,1967-05-03,Female
Julieta,Keyser,1992-04-09,Female
Jimmie,Hartly,2000-12-10,Male
Aila,Turone,1999-09-26,Female
Terrijo,Ker,1956-03-11,Female
Winna,Olcot,1969-10-08,Female
Hamil,Brettell,1968-07-14,Male
Erv,Simonson,1968-09-07,Male
Davidde,Thickpenny,1990-01-18,Male
Effie,Morison,1952-10-12,Female
Marshal,Deplacido,1963-04-13,Male
Shir,Challiner,2000-06-29,Female
Gina,Thorrold,1988-08-03,Female
Garland,Iacivelli,1994-12-18,Female
Sammy,Cattroll,1954-05-20,Male
Ashbey,Stienton,1998-10-14,Male
Elisabet,Ruggier,1974-02-20,Female
Catha,Philippon,1977-03-16,Female
Keary,Gommowe,1961-06-12,Male
Laina,Cannings,1976-12-31,Female
Vannie,Goldthorpe,1990-10-13,Female
Anson,Crich,1988-07-17,Male
Codie,Abramow,1959-11-29,Female
Carena,Bevis,1995-12-17,Female
Corrianne,Gleeson,1992-02-11,Female
Brigg,Gopsell,1983-05-08,Male
Malissia,Troughton,1996-07-05,Female
Sutton,Dimitrie,1972-10-03,Male
Aliza,Glassard,1999-12-25,Female
Magdalena,Stredwick,1963-07-10,Female
Toddie,Marriott,1975-07-17,Male
Siana,Bosward,1963-08-22,Female
Sib,Othick,1999-08-08,Female
Natal,Pirot,1983-10-22,Male
Cordie,Webberley,1986-01-04,Female
Sigismund,Piris,1963-02-03,Male
Nicholle,Spier,1951-04-02,Female
Kurtis,Bullus,1990-01-11,Male
Delmor,Vieyra,1952-03-09,Male
Roderigo,Havile,1977-03-09,Male
Fawne,Pearce,1968-12-04,Female
Angeline,Lavallie,1976-11-19,Female
Hestia,Raubenheimer,1976-01-22,Female
Darrell,Marjanovic,1982-01-28,Male
Lorrayne,Winman,1960-03-14,Female
Madelene,Petzolt,1993-09-25,Female
Iggy,Oxbury,1952-07-29,Male
Isadore,Passingham,1996-11-12,Male
Bendix,Tranfield,1966-05-26,Male
Janella,Francioli,1982-11-30,Female
Georgia,Attlee,1979-08-13,Female
Joseito,Clearley,1997-12-03,Male
Garrik,Morgan,1996-03-25,Male
Rosemary,Bramsen,1957-05-02,Female
Maye,Coultard,1966-01-01,Female
Violet,Boriston,1961-11-23,Female
Hulda,Bensusan,2000-05-28,Female
Hagen,Klimushev,1970-10-02,Male
Em,McInnery,1966-02-27,Male
Vonnie,Criag,1963-12-06,Female
Roselia,Plait,1960-02-27,Female
Cicily,Eales,1967-08-26,Female
Sadella,Coper,1955-06-23,Female
Viviyan,Greated,1974-12-01,Female
Claybourne,Snowling,1975-01-27,Male
Feodor,Iacovaccio,1988-06-13,Male
Thomas,Sallis,1982-04-19,Male
Cristabel,Stait,1964-05-27,Female
Swen,Croft,1978-05-08,Male
Filberte,Favey,1977-06-05,Male
Umberto,Wiley,1968-07-30,Male
Herbert,Water,1969-08-02,Male
Greer,Forshaw,1985-03-05,Female
Chet,Digle,1965-06-09,Male
Rickie,Takle,1964-03-29,Female
Dorice,Enderwick,1979-02-23,Female
Hildagarde,Cotmore,1997-01-19,Female
Kristofer,Huygens,1966-07-26,Male
Ramona,Leathart,1989-04-17,Female
Yves,Durban,1982-10-17,Male
Pru,Pischel,1995-03-10,Female
Vania,Mothersole,1998-05-23,Female
Pepillo,Magovern,1971-01-29,Male
Kalvin,Rabat,1991-01-19,Male
Tonye,Rimes,1997-12-17,Female
Eilis,Pietzker,1963-01-11,Female
Hartwell,Jessope,1953-10-08,Male
Erroll,Rarity,1976-08-08,Male
Wallache,Gautrey,1983-03-23,Male
Donalt,Soitoux,1950-01-07,Male
Gerrie,Sellick,1984-11-11,Female
Sid,Penn,1977-05-25,Male
Ileane,Domerq,1955-02-27,Female
Morlee,Sudlow,1970-07-02,Male
Leisha,Kener,1978-02-12,Female
Bunnie,Duffield,1997-02-04,Female
Carie,Fritz,1987-04-27,Female
Lonnie,Airth,1995-07-14,Female
Kerrie,Coultar,1953-05-31,Female
Muhammad,Lazare,1957-02-21,Male
Zachery,Millmoe,1976-09-16,Male
Boigie,St Angel,1993-03-16,Male
Sadie,Obell,1962-07-09,Female
Mersey,Jumel,1988-01-11,Female
Feodor,Northeast,2000-11-20,Male
Starr,Kausche,1963-01-12,Female
Gretna,Ricciardo,1981-08-17,Female
Vannie,Hartburn,1999-06-02,Female
Al,Thurner,1977-06-05,Male
Deanne,Kubala,1994-06-18,Female
Malena,Culley,1968-08-07,Female
Jaquelyn,Curless,1972-02-08,Female
Arney,Penella,1999-08-22,Male
Gavrielle,Chivrall,1994-03-28,Female
Gilberto,Fiddian,1984-10-02,Male
Timofei,Franzettoini,1999-03-13,Male
Kenna,Cardinale,1951-12-13,Female
Cecilio,Rableau,1990-04-10,Male
Pryce,Felce,1982-10-09,Male
Allin,Scay,1988-10-02,Male
Corena,Hyne,1997-11-29,Female
Aleta,McCrostie,1979-08-27,Female
Smith,Bemrose,1991-01-23,Male
Birgit,Round,1977-01-17,Female
Madalyn,McCurt,1956-07-08,Female
Ellyn,Beeho,1990-12-28,Female
Nathanil,Bienvenu,1990-07-14,Male
Godfry,Stollard,1972-03-09,Male
Rufe,Karolowski,1991-10-18,Male
Rickie,Pavlik,1978-08-31,Female
Keith,Bickmore,1978-03-31,Male
Edithe,Brixey,1992-09-27,Female
Raynard,Muffitt,1977-02-18,Male
Fax,Wickman,1986-09-22,Male
Sheff,Cordeux,1988-01-31,Male
Taryn,Dafter,1990-04-17,Female
Abran,Cripwell,1965-10-30,Male
Bealle,Gimber,1970-12-15,Male
Violetta,Ducroe,1950-07-16,Female
Shirline,Ney,1973-05-15,Female
Randie,Amiranda,1969-10-15,Female
Frederico,Gobolos,1968-03-31,Male
Miguela,Skelcher,1955-07-19,Female
Cindelyn,Morch,1960-08-05,Female
Monty,Domange,1953-12-03,Male
Libbie,Pariss,1974-10-12,Female
Tiebold,Stote,1962-04-11,Male
Perri,Winch,1976-07-10,Female
Page,O'Rudden,1978-12-02,Female
Myca,Killiam,1967-06-19,Male
Griff,Pegler,1991-12-26,Male
Onofredo,Issacson,1999-10-21,Male
Hobey,Greenhouse,1950-05-05,Male
Westbrooke,Cherryman,1983-06-27,Male
Casi,MacMakin,1955-07-19,Female
Cos,MacDearmont,1998-11-26,Male
Sammy,MacSporran,1962-06-17,Female
Svend,Goldsbury,1970-07-07,Male
Arabela,Enos,1981-01-09,Female
Beilul,Donlon,1963-03-07,Female
Filberto,Serck,1965-05-05,Male
Jacinthe,Rubke,1987-07-08,Female
Fredelia,Darmody,1958-02-21,Female
Hermina,Gerber,1981-11-24,Female
Prince,Brackstone,1993-07-17,Male
Oby,Doumerc,1968-02-15,Male
Melloney,Tuny,1978-05-06,Female
Loralie,Skewes,1997-09-26,Female
Marion,Redington,1959-10-15,Female
Kissie,MacGoun,1968-02-22,Female
Merrielle,Simco,1984-11-04,Female
Neill,Ladel,1980-02-28,Male
Jerrie,Pavia,1971-07-21,Male
Riley,Filipputti,1963-08-25,Male
Anni,Gronauer,2000-03-04,Female
Chas,Starmore,1976-10-22,Male
Melina,Zuker,1965-06-24,Female
Claudio,Tointon,1973-03-13,Male
Mei,Proven,1958-04-11,Female
Orran,Sterzaker,1988-06-22,Male
Gualterio,Bernakiewicz,1971-12-23,Male
Anjanette,Bolino,1991-07-29,Female
Tobey,Crean,1983-02-01,Female
Kass,Hollindale,1969-09-20,Female
Camilla,Wyson,1979-12-10,Female
Kipp,Nutley,1966-02-01,Female
Margaux,Waddell,1963-07-24,Female
Reginald,Korpal,1972-02-20,Male
Malva,St Leger,1987-10-22,Female
Leif,Wastie,1962-10-17,Male
Zaneta,Pantecost,1974-04-29,Female
Ellynn,Nestle,1966-11-13,Female
Elwyn,Riccio,1951-06-13,Male
Etienne,Vannacci,1987-10-30,Male
Isac,Harley,1988-05-29,Male
Danell,Ellings,1954-01-18,Female
Nataline,Bidgood,1988-05-08,Female
Nell,Okroy,1976-05-26,Female
Ian,Havercroft,1959-04-20,Male
Powell,Waddams,1951-05-03,Male
Ricky,Meeny,1993-04-25,Male
Lea,Impson,1965-10-03,Female
Zechariah,Mawne,1994-12-26,Male
Pip,Synder,1951-01-28,Male
Chase,Westmarland,1991-07-27,Male
Viki,Jullian,1964-09-23,Female
Wyndham,Caudrelier,1962-03-03,Male
Gerri,Ridgewell,1951-04-29,Male
Steffen,Peggs,1963-11-07,Male
Shanda,Bourthoumieux,1967-05-04,Female
Janenna,Hesbrook,1978-07-01,Female
Joan,Rickword,2000-05-06,Female
Tera,Blackader,1960-07-03,Female
Dorthea,Minghi,1956-07-30,Female
Bathsheba,Patrick,1985-02-20,Female
Caryn,McConnal,1976-04-19,Female
Rebeca,Danielovitch,1954-06-22,Female
Joelly,Boxer,1979-01-09,Female
Fin,Metrick,1995-02-11,Male
Son,Strover,1968-04-21,Male
Alexis,Dawtrey,1976-07-05,Male
Marita,Grisard,1984-06-09,Female
Wynny,Beesley,1975-07-11,Female
Todd,Whetson,1980-07-19,Male
Crin,Yewen,1993-06-07,Female
Phebe,Gallifont,1997-05-14,Female
Bevon,Cashmore,1955-12-28,Male
Daniella,McNirlan,1955-06-30,Female
Von,Give,1958-10-02,Male
Byram,Sainsbury,1972-07-14,Male
Drucill,Caston,1977-02-03,Female
Bartram,O' Faherty,1972-06-12,Male
Bordy,Trill,1954-08-19,Male
Hildegaard,Gilmartin,1995-01-19,Female
Elsworth,Reolfo,1985-01-02,Male
Blake,Cantrell,1985-05-17,Female
Gare,Clitsome,1989-05-16,Male
Mirelle,Spaughton,1974-09-04,Female
Noll,Ragless,1951-06-01,Male
Debby,Dundon,1982-07-31,Female
Gordy,Searight,1969-07-23,Male
Jo,Vassar,1952-05-20,Male
Andie,Feldmark,1969-06-23,Female
Allissa,Trounce,1989-05-28,Female
Shena,Durie,1988-02-10,Female
Jo ann,Erdely,1987-06-22,Female
Virginia,Learie,1962-08-28,Female
Yorgo,Sollis,1964-08-30,Male
Kim,Kunze,1965-09-24,Female
Esdras,Couch,1960-03-24,Male
Garner,Presser,1979-12-15,Male
Vernice,Rayhill,1986-06-11,Female
Dun,Macura,1960-07-06,Male
Yank,Jenkyn,1954-07-14,Male
Lou,Limbert,1994-08-07,Female
Kai,Exeter,1953-02-21,Female
Bertina,Reeme,1981-09-29,Female
Addie,Neve,1980-02-06,Female
Angelina,De Fraine,1970-07-11,Female
Colman,Ryce,1992-12-24,Male
Yvon,Flowerdew,1958-07-01,Male
Gerianna,Harman,1966-07-03,Female
Ollie,Boome,1953-09-07,Male
Ruy,Lyste,1997-05-17,Male
Madalena,Dankersley,1974-11-20,Female
Joly,Look,1972-03-02,Female
Maybelle,Hasty,1995-08-09,Female
Montague,Du Fray,1956-07-31,Male
Mitchell,Halleday,1981-07-28,Male
Rriocard,Bulle,1963-09-26,Male
Steffi,Noades,1972-08-17,Female
Jessey,Southorn,1994-09-28,Male
Josselyn,Dennes,1958-11-06,Female
Rory,Scandrite,1996-05-17,Male
Ahmad,Slide,1955-05-23,Male
Harris,Jerrams,1973-10-27,Male
Doroteya,Tichner,1954-03-16,Female
Ava,Madigan,1968-10-13,Female
Lionello,Aylward,1958-03-12,Male
Lexy,Sidry,1985-11-13,Female
Nicki,Cahani,1979-01-24,Female
Feliza,Westhofer,1970-09-26,Female
Abbey,De Gregoli,1973-03-29,Male
Regen,Tredger,1991-08-25,Male
Janifer,O'Keaveny,1972-07-13,Female
Horst,Mugg,1968-09-12,Male
Kirby,Joskowicz,1976-08-18,Male
Elsinore,Ives,1961-06-17,Female
Benedict,MacDonough,1969-11-24,Male
Amandi,Flude,1988-06-24,Female
Arturo,Gillie,1972-07-22,Male
Bertina,Raffels,1965-10-23,Female
Pip,Esome,1971-11-03,Male
Justine,Mackelworth,1981-10-14,Female
Nefen,Fewtrell,1982-11-02,Male
Mick,Sanper,1957-05-14,Male
Judye,Blizard,1989-06-01,Female
Vaughn,Critoph,1998-07-22,Male
Curtis,Emanueli,1961-05-27,Male
Scotti,McGeaney,1951-09-13,Male
Jeanine,Dasent,1994-08-07,Female
Chance,Chinge,1979-05-08,Male
Brigitta,Morot,1974-12-08,Female
Lucio,Schustl,1999-04-03,Male
Ali,Ottey,1951-03-02,Male
Filippo,Heis,1983-07-07,Male
Freemon,Geistbeck,1998-03-13,Male
Kylynn,Glowacha,1994-09-26,Female
Emmit,Prate,1980-07-04,Male
Cahra,Cordeau],1994-08-16,Female
Joye,Gergus,1965-06-26,Female
Ezequiel,Wissby,1959-09-16,Male
Clevie,Orpen,1963-09-20,Male
Mathilde,Randals,1996-09-03,Female
Myra,Craighead,1978-11-05,Female
Kattie,Kingstne,1956-09-24,Female
Hamel,Colquit,1969-04-18,Male
Cyril,Rankmore,1979-12-19,Male
Agosto,Vinden,1985-03-24,Male
Lotty,Stryde,1959-01-10,Female
Joell,Mary,1967-02-16,Female
Gay,Tremlett,1995-06-16,Female
Arlana,Tweddell,1981-08-17,Female
Sunny,Doddridge,1963-03-06,Female
Wake,Bredes,1981-07-03,Male
Gardie,Brisco,1955-04-14,Male
Robina,Doree,1975-02-18,Female
Link,Meake,2000-01-03,Male
Ken,Zarfat,1963-06-05,Male
Olenolin,Plaschke,1972-02-15,Male
Sande,Grumell,1969-05-09,Female
Selinda,Flaxon,1953-10-27,Female
Alissa,Ghost,1993-05-16,Female
Haywood,Tofano,1987-02-09,Male
Bordy,Barwack,1981-02-03,Male
Minetta,Tarpey,1957-07-09,Female
Winifield,Hayesman,1972-11-07,Male
Catharina,Castello,1987-06-16,Female
Rickie,Lomath,1989-05-11,Female
Rebeca,Braidon,1951-01-30,Female
Nanni,Maslin,1972-03-07,Female
Janetta,Goodman,1981-07-01,Female
Giustino,Lafaye,1983-04-24,Male
Duffie,Heustice,1969-03-31,Male
Elvis,McReedy,1965-12-14,Male
Gherardo,Hedworth,1980-08-27,Male
Ansell,Woolpert,1966-06-10,Male
Kristel,Grange,1956-07-30,Female
Vinnie,Birnie,1959-11-04,Male
Babs,Dibbert,1995-11-19,Female
Carlen,Dyers,1965-12-16,Female
Cece,Stiant,1977-04-09,Male
Iseabal,Karpushkin,1982-03-14,Female
Ingra,Kubek,1977-12-31,Male
Alasdair,Rentelll,1970-11-11,Male
Augustine,La Wille,1984-02-11,Female
Carrissa,Crankhorn,1955-09-03,Female
Scotty,Cambling,1958-08-23,Male
Tildie,Angood,1994-11-04,Female
Bron,Clemente,1995-07-27,Male
Harlan,Lagden,1986-07-09,Male
Silvio,Giurio,1952-07-20,Male
Sherlock,Cleave,1960-01-19,Male
Mellisent,Herrema,1993-03-16,Female
Carter,Crocroft,1968-09-24,Male
Jake,Possel,1953-01-09,Male
Dominik,Lehrer,1955-11-26,Male
Letty,Henlon,1971-01-02,Female
Wilona,Blundan,1992-06-12,Female
Nathanael,Dukelow,1984-09-16,Male
Bob,Maddrah,1991-04-14,Male
Beulah,Hindenburg,1986-09-10,Female
Robbert,Jozef,1958-05-17,Male
Kissie,Klimsch,1961-02-16,Female
Roseanne,Watchorn,1984-07-03,Female
Brooke,Aldcorne,1995-07-14,Male
Bil,Leak,1966-01-04,Male
Elly,Rau,1960-09-16,Female
Bettine,Tams,1957-03-06,Female
Marlon,Atkyns,1965-05-17,Male
Sly,Coverlyn,1961-11-21,Male
Barnaby,Meekins,1971-08-29,Male
Vina,Gruszka,1955-05-28,Female
Reider,Ellerman,1970-12-06,Male
Tades,Sarfatti,1988-06-03,Male
Ortensia,Sueter,1995-09-04,Female
Tony,Moggan,1962-08-03,Female
Rahal,Vasyutochkin,1977-05-18,Female
Herb,Vedenichev,1950-06-29,Male
Reg,Slocombe,1986-09-03,Male
Karlene,Beardshall,1953-02-09,Female
Reinaldos,Ruggier,1998-07-16,Male
Michaelina,Redmayne,1964-07-05,Female
Shanan,Burbank,1977-03-22,Male
Cybil,Seiffert,1957-03-15,Female
Mychal,Kleisle,1992-09-05,Male
Cary,Nassi,1963-03-26,Female
Loria,Casone,1984-12-29,Female
Bale,Colafate,1975-04-19,Male
Ahmad,Gianninotti,1956-10-15,Male
Consolata,McElvine,1986-10-06,Female
Willy,Serle,1973-05-23,Male
Ring,Balharrie,1961-09-14,Male
Johannah,Batcheldor,1974-10-19,Female
Pearce,Matthisson,1977-10-08,Male
Andy,Pascho,1971-12-22,Male
Farris,Eamer,1982-06-14,Male
Kelvin,Grove,1991-10-15,Male
Cordie,Scholl,1956-01-16,Female
Dexter,Hearns,1972-09-30,Male
Rudolfo,Antoons,1976-03-06,Male
Kaia,Tomaszewicz,1973-10-20,Female
Rhianna,Boyall,1981-12-10,Female
Pinchas,Nancekivell,1969-03-25,Male
Denice,Eliyahu,1963-05-17,Female
Llewellyn,Scinelli,1996-12-18,Male
Shirley,Falks,1990-12-10,Female
Melisse,Bish,1959-10-15,Female
Donnamarie,O'Sharkey,1976-06-12,Female
Deborah,Cissen,1982-08-04,Female
Angus,Cardinale,1981-07-16,Male
Gill,Haglington,1990-08-08,Female
Goldie,Budcock,1967-07-13,Female
Etienne,Mileham,1978-04-15,Male
Marijn,Antoniewicz,1961-04-24,Male
Roddy,Chasen,1990-01-29,Male
Barbaraanne,Blackaby,1952-09-08,Female
Stu,Gisborne,1993-08-27,Male
Henderson,Stoade,1971-07-29,Male
Leonerd,Pomfret,1986-05-10,Male
Jackie,Mumbey,1953-12-31,Male
Kally,Kikke,1973-11-24,Female
Carol-jean,Handling,1987-09-21,Female
Tiebout,Leworthy,1990-08-24,Male
Ferris,Giacubbo,1974-10-06,Male
Kinsley,Ciciari,1974-05-25,Male
Ezri,Isgar,1960-07-17,Male
Amara,Hover,1988-03-02,Female
Elias,Stanmore,1979-03-13,Male
Leigh,Neeve,1971-03-05,Female
Tad,Pundy,1993-10-20,Male
Byrann,Feria,1994-01-21,Male
Jeanelle,Meneely,1999-01-27,Female
Brit,Badman,1960-09-18,Male
Abby,Prozescky,1991-06-17,Male
Leopold,Pennuzzi,1975-08-05,Male
Gill,Towlson,1953-11-26,Male
Heidie,Braga,1998-11-23,Female
Morlee,Crucetti,1978-04-20,Male
Justus,Belt,1962-09-11,Male
Roderick,Augustin,1980-03-02,Male
Noel,Whibley,1963-11-23,Male
Sean,Holdren,1951-01-16,Male
Bil,Flade,1951-04-05,Male
Alric,Gallimore,1966-07-07,Male
Pepe,Fryett,1988-04-15,Male
Lindsay,Mulhill,1959-03-06,Male
Elvin,Mickleburgh,1992-12-24,Male
Cinda,Dryburgh,1991-01-31,Female
Carlotta,O'Dowling,1968-03-11,Female
Barrie,Jursch,1998-09-27,Female
Jewelle,Carnalan,1953-08-21,Female
Marcus,Sandeland,1985-12-01,Male
Maryanne,Mayling,1994-07-15,Female
Floris,Churms,1988-10-02,Female
Leonora,Poltun,1984-04-26,Female
Selestina,Twaite,1977-01-12,Female
D'arcy,Kilshaw,1993-03-21,Male
Talyah,Lindsey,1996-06-04,Female
Scarlet,Temporal,1959-05-06,Female
Efrem,Sneesbie,1979-07-26,Male
Hadlee,Gare,1972-12-27,Male
Lorrie,Josefson,1960-12-03,Female
Karil,Lowen,1976-06-30,Female
Nolan,Baird,1964-05-12,Male
Ada,Gianiello,1994-10-21,Female
Marinna,McMurty,1993-04-17,Female
Gabie,Childe,1955-10-08,Female
Marcy,Kleinstub,1977-08-01,Female
Vincents,Newiss,1966-02-14,Male
Quintana,Hartly,1950-09-03,Female
Nichole,Doggart,1967-08-06,Female
Jacques,Baitson,1980-07-19,Male
Izzy,Nasey,1950-12-31,Male
Jock,Prenty,1969-03-22,Male
Alva,Scalera,1972-04-17,Male
Gregoire,Buchan,1988-07-01,Male
Umberto,McGlashan,1962-02-16,Male
Dore,Crawcour,1987-09-08,Male
Che,Adlington,1985-11-01,Male
Guntar,Zuppa,1962-05-02,Male
Malissa,Godsell,1991-10-18,Female
Stephen,Derycot,1966-09-19,Male
Barney,Tatteshall,1972-05-23,Male
Bee,Ghost,1986-07-15,Female
Britte,Tremaine,1997-08-26,Female
Kalina,Steiner,1968-02-12,Female
Lenore,Trenbey,1974-12-27,Female
Mae,Wilse,1957-12-09,Female
Ban,Junifer,1981-07-30,Male
Kingston,Apperley,1972-03-16,Male
Melessa,Crutchfield,1970-09-24,Female
Frants,Pearlman,1990-08-04,Male
Bryn,Wilhelmy,1976-10-05,Male
Vanessa,Eouzan,1961-11-30,Female
Dylan,Worswick,1968-03-06,Male
Tommy,Rainbird,1955-09-06,Male
Lemmie,Yelden,1990-04-04,Male
Molly,Tessington,1951-12-14,Female
Lorne,Capell,1964-03-26,Female
Cchaddie,Romayne,1967-09-04,Male
Alexander,Dametti,1951-10-11,Male
Esther,Pregal,1999-07-16,Female
Maggi,Sloegrave,1970-01-12,Female
Fiona,Mallard,1990-03-09,Female
Hyatt,Brehaut,1977-11-08,Male
Daile,Geockle,1972-02-10,Female
Phyllis,Perrett,1997-11-16,Female
Lisa,Bartlet,1964-08-30,Female
Corena,Fronek,1996-06-10,Female
Becki,Klouz,1955-09-06,Female
Lorrie,Bradnick,1995-08-28,Male
Porter,Georgeau,1959-11-14,Male
Tandi,Skey,1965-08-12,Female
Sasha,Key,1987-12-27,Female
Dominic,Andrat,1961-04-30,Male
Warner,Bruckental,1995-12-27,Male
Aldo,Mintoft,1977-05-14,Male
Rudie,Kynder,1964-03-17,Male
Hailey,Concklin,1960-10-26,Male
Portie,Rankin,1968-03-19,Male
Jehu,MacAnellye,1977-03-18,Male
Dani,Guilaem,1954-07-13,Female
Welbie,Dureden,1994-08-12,Male
Devland,Spurden,1984-04-08,Male
Wake,Coupman,1988-03-25,Male
Ferdy,Commusso,1990-02-01,Male
Zaria,Culshew,1963-10-27,Female
Westleigh,Happel,1975-04-21,Male
Fawn,Kobera,1965-01-30,Female
Perice,Laville,1965-03-31,Male
Corri,Cawthry,1995-09-25,Female
Callean,Baumaier,1987-12-05,Male
Jill,Toderini,1953-12-27,Female
Kellby,Clemett,1957-11-29,Male
Julio,Bransom,1953-03-28,Male
Brendan,Bellows,1960-08-25,Male
Rogerio,Richardon,1958-05-26,Male
Sigismond,Hanny,1981-08-22,Male
Alameda,Standage,1988-06-03,Female
Cyril,Brackpool,1971-09-23,Male
Lorant,Van Arsdall,1978-01-21,Male
Joel,Butter,1965-04-30,Male
Franz,Piwell,1979-07-29,Male
Ryan,Ion,1957-02-02,Male
Jard,Glendenning,1996-10-31,Male
Baldwin,Launchbury,1963-08-10,Male
Toinette,Woodage,1984-07-02,Female
Noellyn,Joutapaitis,1972-06-16,Female
Lorettalorna,Skerme,1974-06-13,Female
Camila,Goad,1984-06-11,Female
Feodor,Caskie,1968-11-05,Male
Aldric,Bilbie,1991-12-17,Male
Patricio,Hance,1970-02-05,Male
Sandra,Baukham,1959-04-15,Female
Corrie,Congram,1999-06-12,Female
Thatcher,Offin,1969-09-15,Male
Elle,Shrimpton,1984-07-27,Female
Hollyanne,Azemar,1999-11-30,Female
Web,Carek,1987-03-19,Male
Bartlett,Skrzynski,1971-10-27,Male
Freddie,Pryde,1972-02-08,Female
Leonora,Pentlow,1974-10-19,Female
Nolie,Beals,1978-03-09,Female
Corrinne,McRonald,1996-10-23,Female
Melvin,Hamblington,1951-11-17,Male
Bald,Zanetto,1962-12-27,Male
Pammy,McGloughlin,1999-12-28,Female
Web,Greatland,1953-06-09,Male
Halli,Rawne,1994-01-05,Female
Carine,Maydway,1950-01-12,Female
Rowney,Carhart,1984-07-05,Male
Else,Bason,1987-09-27,Female
Agnes,Machan,1986-02-14,Female
Nikos,Rofe,1964-03-06,Male
Lynn,Kittley,1952-12-22,Male
Dannel,Malinowski,1988-01-01,Male
Eugenie,Worsalls,1999-11-12,Female
Bettina,Gallagher,1978-08-13,Female
Terra,Winslow,1997-09-01,Female
Ailee,Bertrand,1988-03-24,Female
Chrystal,Halsall,1994-10-28,Female
Gibb,Sokale,1999-05-22,Male
Corette,Galliford,1969-05-13,Female
Keelia,Bettaney,1960-04-26,Female
Tito,Habgood,1975-05-28,Male
Richardo,Cotterell,1991-11-30,Male
Grazia,Edgcombe,1983-12-01,Female
Cullen,Stoll,1950-07-29,Male
Augusto,Reese,1984-01-11,Male
Russ,Rosier,1959-05-17,Male
Natassia,Halfacre,1982-11-29,Female
Val,Lapthorn,1953-06-09,Male
Bella,Valsler,1973-09-13,Female
Zebedee,Pinck,1998-05-25,Male
Valentin,Valentine,1954-01-17,Male
Armand,Dillicate,1957-10-06,Male
Shirline,Petrishchev,1956-04-17,Female
Hagen,Pikesley,1963-07-14,Male
Alfred,Curmi,1951-12-04,Male
Norbie,Perrat,1986-12-05,Male
Malinde,Makepeace,1957-04-06,Female
Cloe,Crecy,1969-04-09,Female
Bryant,Tabbitt,1981-11-21,Male
Christoforo,Vanichkin,1968-02-17,Male
Tammy,O'Hear,1951-10-26,Male
Fraze,Bickerdike,1991-02-26,Male
Bella,Dayborne,1993-03-02,Female
Bronson,Furzer,1952-11-29,Male
Georgiana,Quan,1966-07-13,Female
Roma,Geistmann,1976-08-07,Male
Marillin,Novis,1950-03-17,Female
Dev,Teape,1958-09-01,Male
Katya,Gobeaux,1957-10-18,Female
Ricoriki,Balharry,1958-12-29,Male
Wallie,Lamonby,1996-07-01,Male
Thornie,Bursnoll,1982-04-09,Male
Erin,Dutnall,1959-09-18,Female
Mariya,Wylie,1983-02-11,Female
Nye,MacPaden,1959-05-31,Male
Arnoldo,Julyan,1994-12-31,Male
Cynde,MacPhaden,1973-08-25,Female
Callie,Leisman,1966-06-16,Female
Pepe,Eefting,1994-12-26,Male
Yale,Marioneau,1964-07-09,Male
Adelina,Meynell,1998-03-29,Female
Kory,McOnie,1970-06-16,Male
Bailey,Piolli,1952-02-20,Male
Cirstoforo,Benkhe,1984-11-16,Male
Gina,Cure,1959-06-09,Female
Basile,Shelton,1982-08-23,Male
Cyb,Bamell,1975-11-21,Female
Malachi,Redsull,1967-01-05,Male
Brinn,Griffe,1985-10-02,Female
Susana,Tanguy,1964-12-11,Female
Murdock,Laughnan,1966-10-31,Male
Leonidas,Wrathall,1968-02-19,Male
Armando,Johnsee,1951-11-23,Male
Hinda,Tremolieres,1972-05-27,Female
Aili,Royans,1992-09-20,Female
Sib,Zamorano,1951-01-26,Female
Dyane,Brach,1959-07-06,Female
Marcellus,Jouning,1988-11-06,Male
Tedra,Attreed,1990-04-10,Female
Beverlee,Boulstridge,1963-09-16,Female
Shermie,Mcwhinney,1997-11-01,Male
Sheilakathryn,Crampsy,1957-10-15,Female
Augy,Matonin,1956-01-16,Male
Scarface,Ogelsby,1953-12-19,Male
Paula,Mieville,1959-11-25,Female
Tiena,Guy,1997-10-27,Female
Wood,Vowell,1981-06-11,Male
Karlens,Cristofori,1962-12-17,Male
Cherianne,Coat,1991-12-22,Female
Grannie,Meneer,1969-03-14,Male
Nahum,Alman,1960-10-17,Male
Flss,Willes,1990-08-31,Female
Marguerite,Sabate,1977-03-18,Female
Parry,Caig,1997-04-11,Male
Delmore,Wainwright,1984-08-08,Male
Hodge,Dimic,1983-03-12,Male
Chandal,Gurden,1962-08-20,Female
Berthe,Ryles,1983-06-03,Female
Mikael,Dearing,1968-11-12,Male
Rachael,Handsheart,1971-08-22,Female
Edwin,Drakeley,1982-11-05,Male
Laura,Sweeten,1968-12-16,Female
Karna,Stenyng,1997-04-17,Female
Nelson,Paquet,1992-01-31,Male
Blayne,Bignold,1996-05-10,Male
Rufe,Philbin,1954-03-06,Male
Millisent,Benit,1955-10-25,Female
Lew,Barabisch,1985-07-23,Male
Brannon,Avramov,1951-09-02,Male
Goddart,Morican,1969-02-26,Male
Meaghan,Crecy,1972-05-11,Female
Gabbi,Gerrens,1980-09-30,Female
Seana,Owenson,1993-04-25,Female
Kendal,Dasent,1962-01-25,Male
Chlo,Brumfitt,1979-06-20,Female
Mallorie,Druce,1974-03-27,Female
Price,Wignall,1997-01-18,Male
Harcourt,Benzie,1954-12-22,Male
Sarine,Gerardi,1989-07-25,Female
Brok,Damrell,1978-01-12,Male
Charmain,Gadsdon,1995-05-07,Female
Daron,Crapper,1976-10-13,Male
Merola,Ragless,1976-11-24,Female
Quinton,Janse,1971-02-23,Male
Reider,Camis,1994-01-26,Male
Hestia,Hazeldene,1951-03-03,Female
Grantley,Sabine,1985-03-23,Male
Lana,Colegrove,1983-10-20,Female
Jacquelynn,Guise,1963-11-28,Female
Tedman,Chazerand,1976-01-20,Male
Velma,Huggons,1959-10-26,Female
Idelle,Laffin,1982-08-25,Female
Fabien,Sawnwy,1982-11-16,Male
Francis,Lidgett,1990-02-12,Male
Desiree,Giral,1995-10-25,Female
Carlie,McKniely,1997-02-21,Male
Vincenty,Etter,1954-02-11,Male
Darci,Schule,1955-12-23,Female
Filide,McVeagh,1993-10-15,Female
Nilson,Mowson,1952-04-04,Male
Bronson,Ruskin,1955-08-11,Male
Rabi,Ferronet,1963-05-19,Male
Iggie,Bennough,1961-10-09,Male
Lorena,Hrachovec,1950-06-22,Female
Sanderson,Mooreed,1974-04-26,Male
Gallagher,Sleany,1968-02-26,Male
Jarrid,Caseri,1963-01-27,Male
Fionna,McMakin,1969-03-30,Female
Candra,Penniall,1992-05-11,Female
Letty,Gribbell,1991-12-25,Female
Libby,Sobey,1954-02-18,Female
Timothea,Thresher,1950-12-16,Female
Noelyn,Rothert,1994-06-28,Female
Nevile,Pounds,1995-07-02,Male
Lawton,Norkett,1996-06-26,Male
Neall,Nappin,1975-08-29,Male
Grannie,Hortop,1981-11-11,Male
Bart,Hallitt,1982-12-15,Male
Phyllida,Monelle,1964-04-02,Female
Ramsey,Deaves,1965-09-19,Male
Jackie,Shears,1975-05-08,Female
Gonzales,Shilstone,1973-11-05,Male
Genia,Demangeot,1989-01-28,Female
Nicola,Defraine,1977-07-31,Female
Tony,Cure,1975-03-14,Female
Norene,Delaney,1966-02-25,Female
Estevan,Barnhill,1988-09-08,Male
Agretha,Prendeguest,1988-09-27,Female
Dulcine,Winsor,1995-12-20,Female
Kiley,Teas,2000-06-29,Male
Leonore,McNeigh,1996-07-17,Female
Terrence,Josefsson,1979-04-28,Male
Obie,Kelmere,1996-09-06,Male
Michal,Ulster,1993-05-16,Female
Alon,Challener,1962-10-25,Male
Brear,Gasker,1958-03-14,Female
Reggy,Cribbott,1968-07-02,Male
Kym,Nesbeth,1972-02-27,Female
Hewitt,Raisher,1952-03-21,Male
Budd,Heinsen,1984-07-01,Male
Gunar,Nestle,1958-03-03,Male
Glennis,Kinsella,1982-02-27,Female
Anabelle,Isac,1965-10-14,Female
Matthiew,Burghall,1982-12-30,Male
Carlynne,Mensler,1994-03-29,Female
Sonnie,Braithwait,1982-03-21,Female
Norah,Bradder,1968-04-28,Female
Martino,Geard,1969-07-23,Male
Fin,Hammerberger,1957-06-24,Male
Gwenny,Rotherforth,1974-06-18,Female
Cody,O'Riordan,1969-10-04,Female
Micheline,McKendry,1961-03-27,Female
Jayme,Matevushev,1973-08-02,Male
Sandye,Brewers,1962-08-28,Female
Roderic,Bikker,1982-07-16,Male
Franny,Vardie,1975-06-06,Female
Nora,Errichiello,1953-05-06,Female
Jenda,Leborgne,1954-05-19,Female
Brucie,Francescozzi,1986-06-11,Male
Jania,Isoldi,1960-11-05,Female
Robinette,Coade,1955-10-15,Female
Major,Hehl,1967-12-01,Male
Aubry,Cockman,1966-08-20,Female
Elfrieda,Popley,1969-04-16,Female
Margaretha,Mallender,1966-04-13,Female
Donnie,Eadie,1970-06-12,Male
Townsend,McLugish,1956-08-25,Male
Larisa,Leborgne,1957-02-26,Female
Tara,Courtese,1983-02-09,Female
Taddeo,Skett,1967-01-27,Male
Merry,Haskayne,1957-01-17,Female
Bren,Tatem,1962-11-12,Female
Kevan,Walbrook,1996-10-17,Male
Tracie,Driver,1950-09-11,Female
Quint,Di Francesco,1961-04-12,Male
Sarah,Cholwell,1979-09-22,Female
Sonja,Zmitruk,1990-04-16,Female
Bevvy,Targett,1955-05-12,Female
Novelia,Phifer,1955-03-13,Female
Flora,Durtnel,1985-08-18,Female
Tobin,Traviss,1959-09-14,Male
Zena,Ick,1997-05-05,Female
Sophie,Andreia,1955-02-18,Female
Henrieta,Busain,1981-05-24,Female
Thedrick,Happert,1978-04-13,Male
Jo ann,Gabbett,1996-01-09,Female
Flinn,Service,1990-12-09,Male
Bendick,Gilliver,1999-01-23,Male
Natalina,Merriment,1998-07-12,Female
Willard,Topp,1957-01-26,Male
Harmonia,Beere,1999-01-31,Female
Angelico,Goullee,1992-06-21,Male
Cy,Prall,1987-03-26,Male
Dame,Carnew,1976-12-31,Male
Guilbert,Honatsch,1958-05-08,Male
Carlita,Simoni,1975-03-11,Female
Mikey,Badman,1977-10-31,Male
Alfie,Elphey,1974-09-12,Male
Micah,Joiner,1985-09-19,Male
Analise,Kilbane,1969-09-18,Female
Mozes,Lebell,1964-11-04,Male
Margery,Warret,1954-03-21,Female
Maurise,Sylett,1954-03-01,Female
Tirrell,Gager,1969-06-22,Male
Genna,Crannis,1958-11-10,Female
Audi,Peffer,1963-12-26,Female
Emmalynne,Hixley,1968-09-25,Female
Micheil,Gabbatiss,1982-05-28,Male
Aylmar,MacKartan,1953-12-08,Male
Glyn,Dyde,1970-03-20,Female
Mariya,Hobbing,1971-10-24,Female
Clea,Farryann,1979-09-11,Female
Hale,Dolohunty,1977-04-08,Male
Helaina,Sussems,1983-07-08,Female
Gibby,Vasler,1954-12-18,Male
